aon_application_menu_title=Aplication menu
AON_GTA=Aon GTA
# ----------- AUXILIAR -------------
aon_tables=Entities
aon_tables_desc=Entities maintenances
aon_vehicle_tables=Vehicles entities
aon_vehicle_tables_desc=Vehicles entities
aon_vehicle=Vehicles
aon_vehicle_desc=Vehicles maintenance
aon_make=Makes
aon_make_desc=Makes maintenance
aon_model=Models
aon_model_desc=Model maintenance
aon_product_tables=Products entities
aon_product_tables_desc=Products entities
aon_item=Items
aon_item_desc=Items maintenance
aon_product_category=Categories
aon_product_category_desc=Categories maintenance
aon_brand=Brands
aon_brand_desc=Brands maintenance
aon_customer=Customers
aon_customer_desc=Customers maintenance
aon_supplier=Suppliers
aon_supplier_desc=Suppliers maintenance
aon_employee=Employees
aon_employee_desc=Employees maintenance
aon_composition=Services
aon_composition_desc=Services
aon_target=Targets
aon_target_desc=Targets manteinance
aon_sales_finance_checking=Sales finance checking
aon_sales_finance_checking_desc=Sales finance checking
aon_purchase_finance_checking=Purchase finance checking
aon_purchase_finance_checking_desc=Purchase finance checking
# ----------- SALES -------------
aon_sales=Sales
aon_sales_desc=Sales maintenances
aon_sales_supportorder=SupportOrder
aon_sales_supportorder_desc=SupportOrder
aon_sales_supportorder_list=SupportOrderList
aon_sales_supportorder_list_desc=SupportOrderList
aon_sales_offer=Offer
aon_sales_offer_desc=Offer
aon_sales_delivery=Delivery
aon_sales_delivery_desc=Delivery
aon_sales_checking=Delivery invoicing
aon_sales_checking_desc=Delivery invoicing
aon_sales_introducing=Direct invoices
aon_sales_introducing_desc=Direct invoices
aon_sales_invoicing=Invoicing
aon_sales_invoicing_desc=Invoicing
aon_sales_workplace=Work Places
aon_pos=Points of Sale
# ----------- PURCHASE -------------
aon_purchase=Purchase
aon_purchase_desc=Purchase
aon_purchase_purchase=Purchase
aon_purchase_purchase_desc=Purchase
aon_purchase_checking=Invoice Checking
aon_purchase_checking_desc=Invoice Checking
aon_purchase_income=Incoming Products
aon_purchase_income_desc=Incoming Products
aon_purchase_invoicing=Invoice Checking
aon_purchase_invoicing_desc=Invoice Checking
# ----------- INVENTORY -------------
aon_inventory=Inventory 
aon_inventory_desc=Inventory 
aon_inventory_remake=Adjustments 
aon_inventory_remake_desc=Adjustments 
# ----------- CONFIG -------------
aon_config=Config
aon_config_desc=Config
aon_company=Company
aon_company_desc=Company
aon_tariff=Tariffs
aon_tariff_desc=Tariff maintenance
aon_product_tax=Taxs
aon_product_tax_desc=Taxs maintenance
aon_update=Update
aon_update_desc=Update
aon_dump=Dump
aon_dump_desc=Dump
aon_recover=Read Dump File
aon_recover_desc=Read Dump File
aon_warehouse=Warehouse
# ----------- UTILITIES -------------
aon_utilities=Utilities
aon_utilities_desc=Utilities
aon_security_change_passwd=Change Password
aon_security_change_passwd_desc=Change Password
aon_security=Security Console
aon_security_desc=Security Console
aon_appParams=Application Parameters
aon_appParams_desc=Apllication Parameters definition
# ----------- REPORTS -------------
aon_menu_reports=Reports
hyperviews=HyperViews
Compras.xml=Purchases
Ventas_Anuales.xml=Anual Sales
Ventas.xml=Sales
Ventas_Comparativa_Periodos.xml=Period compare
Ventas_12_1.xml=12 + 1 Summary
Matricula.xml=SupportOrder per Plate
Vehiculos_por_Titulares.xml=Vehicles per Owners
ABC_Compras.xml=ABC
Comparativa_Beneficios.xml=Profit compare
ABC_Ventas.xml=ABC
Compras_Comparativa_Periodos.xml=Period compare
Compras_12_1.xml=12 + 1 Summary
Compras_Anuales.xml=Anual Purchases